group,n_features,rmse_increase
forecast,2,5.608849415699265
gen_lag,11,2.5288761784383627
price,3,1.7661664191571653
calendar,9,0.5285920672994943
