group,n_features,rmse_increase
forecast,2,5.608385995887805
gen_lag,11,2.528603831900986
price,3,1.7660041839452774
calendar,9,0.528515786763044
