lookback,hidden_size,num_layers,dropout,learning_rate,batch_size,val_MAE,val_RMSE,test_MAE,test_RMSE
48,128,1,0.3,0.001,32,76.32315063476562,177.91473884103868,7.68488883972168,13.863596035803456
48,64,1,0.1,0.0005,64,78.42375946044922,180.17012901872775,8.55854320526123,14.523641846498128
48,32,1,0.2,0.001,32,77.5887680053711,181.08007120470214,9.365602493286133,15.605828570632722
48,128,2,0.0,0.0001,64,80.25072479248047,182.13392222482884,9.131641387939453,15.336753353235121
48,64,1,0.0,0.0001,32,83.7174072265625,184.2578653341561,11.050479888916016,18.180760134342567
48,64,1,0.3,0.0001,64,84.08321380615234,184.88731787902597,10.847968101501465,18.01876615747845
48,128,2,0.3,0.0005,32,82.38970947265625,185.4240073453273,10.412262916564941,15.970062381094655
168,128,2,0.2,0.0005,64,83.39952087402344,186.29038991585153,11.973428726196289,17.503094208875346
