model,split,MAE,RMSE
Hourly_LSTM,val,76.32268524169922,177.91381120854558
Hourly_LSTM,test,7.68505859375,13.863882748820652
Persistence_48h,test,14.722180869496855,23.713690238513237
Persistence_168h,test,23.878698461477985,49.247946575675364
RandomForest,test,8.037141505953878,13.257711662624754
